AA,Value
A,122.7163116
R,249.9273801
N,205.1961556
D,233.7333009
C,259.4877777
E,191.5242583
Q,288.8257137
G,288.4825079
H,141.1897195
I,149.4961085
L,174.9320956
K,128.1720798
M,108.0144415
F,112.3929145
P,230.100645
S,118.5275536
T,282.7005745
W,192.9620349
Y,288.6034549
V,140.2595981